Image,Id
fugaku_sanjurokkei1.jpg,fugaku_sanjurokkei
fugaku_sanjurokkei0.jpg,fugaku_sanjurokkei
fugaku_sanjurokkei2.jpg,fugaku_sanjurokkei
fugaku_sanjurokkei14.jpg,fugaku_sanjurokkei
fugaku_sanjurokkei3.jpg,fugaku_sanjurokkei
fugaku_sanjurokkei7.jpg,fugaku_sanjurokkei
fugaku_sanjurokkei10.jpg,fugaku_sanjurokkei
fugaku_sanjurokkei6.jpg,fugaku_sanjurokkei
fugaku_sanjurokkei11.jpg,fugaku_sanjurokkei
fugaku_sanjurokkei13.jpg,fugaku_sanjurokkei
fugaku_sanjurokkei4.jpg,fugaku_sanjurokkei
fugaku_sanjurokkei12.jpg,fugaku_sanjurokkei
fugaku_sanjurokkei5.jpg,fugaku_sanjurokkei
fugaku_sanjurokkei8.jpg,fugaku_sanjurokkei
fugaku_sanjurokkei9.jpg,fugaku_sanjurokkei
mano_lisa5.jpg,mano_lisa
mano_lisa13.jpg,mano_lisa
mano_lisa14.jpg,mano_lisa
ginkakuji8.jpg,ginkakuji
ginkakuji9.jpg,ginkakuji
ginkakuji14.jpg,ginkakuji
ginkakuji10.jpg,ginkakuji
ginkakuji11.jpg,ginkakuji
ginkakuji2.jpg,ginkakuji
ginkakuji3.jpg,ginkakuji
ginkakuji1.jpg,ginkakuji
ginkakuji0.jpg,ginkakuji
ginkakuji4.jpg,ginkakuji
ginkakuji5.jpg,ginkakuji
ginkakuji7.jpg,ginkakuji
ginkakuji6.jpg,ginkakuji
doguu8.jpg,doguu
doguu9.jpg,doguu
doguu2.jpg,doguu
doguu3.jpg,doguu
doguu1.jpg,doguu
doguu14.jpg,doguu
doguu0.jpg,doguu
doguu11.jpg,doguu
doguu4.jpg,doguu
doguu5.jpg,doguu
doguu10.jpg,doguu
doguu12.jpg,doguu
doguu7.jpg,doguu
doguu6.jpg,doguu
doguu13.jpg,doguu
liberty_leading_the_people0.jpg,liberty_leading_the_people
liberty_leading_the_people1.jpg,liberty_leading_the_people
liberty_leading_the_people3.jpg,liberty_leading_the_people
liberty_leading_the_people2.jpg,liberty_leading_the_people
liberty_leading_the_people6.jpg,liberty_leading_the_people
liberty_leading_the_people7.jpg,liberty_leading_the_people
liberty_leading_the_people4.jpg,liberty_leading_the_people
liberty_leading_the_people13.jpg,liberty_leading_the_people
liberty_leading_the_people12.jpg,liberty_leading_the_people
liberty_leading_the_people10.jpg,liberty_leading_the_people
liberty_leading_the_people11.jpg,liberty_leading_the_people
liberty_leading_the_people14.jpg,liberty_leading_the_people
liberty_leading_the_people9.jpg,liberty_leading_the_people
liberty_leading_the_people8.jpg,liberty_leading_the_people
otter7.jpg,otter
otter6.jpg,otter
otter5.jpg,otter
otter1.jpg,otter
otter0.jpg,otter
otter10.jpg,otter
otter12.jpg,otter
otter8.jpg,otter
otter9.jpg,otter
otter14.jpg,otter
the_scream6.jpg,the_scream
the_scream7.jpg,the_scream
the_scream5.jpg,the_scream
the_scream4.jpg,the_scream
the_scream0.jpg,the_scream
the_scream1.jpg,the_scream
the_scream3.jpg,the_scream
the_scream2.jpg,the_scream
the_scream12.jpg,the_scream
the_scream13.jpg,the_scream
the_scream11.jpg,the_scream
the_scream10.jpg,the_scream
the_scream9.jpg,the_scream
girl_with_a_pearl_earring9.jpg,girl_with_a_pearl_earring
girl_with_a_pearl_earring12.jpg,girl_with_a_pearl_earring
girl_with_a_pearl_earring5.jpg,girl_with_a_pearl_earring
girl_with_a_pearl_earring11.jpg,girl_with_a_pearl_earring
girl_with_a_pearl_earring6.jpg,girl_with_a_pearl_earring
girl_with_a_pearl_earring7.jpg,girl_with_a_pearl_earring
girl_with_a_pearl_earring10.jpg,girl_with_a_pearl_earring
girl_with_a_pearl_earring14.jpg,girl_with_a_pearl_earring
girl_with_a_pearl_earring3.jpg,girl_with_a_pearl_earring
girl_with_a_pearl_earring2.jpg,girl_with_a_pearl_earring
girl_with_a_pearl_earring0.jpg,girl_with_a_pearl_earring
girl_with_a_pearl_earring1.jpg,girl_with_a_pearl_earring
kinkakuji8.jpg,kinkakuji
kinkakuji9.jpg,kinkakuji
kinkakuji1.jpg,kinkakuji
kinkakuji0.jpg,kinkakuji
kinkakuji3.jpg,kinkakuji
kinkakuji7.jpg,kinkakuji
kinkakuji6.jpg,kinkakuji
kinkakuji4.jpg,kinkakuji
kinkakuji5.jpg,kinkakuji
kinkakuji12.jpg,kinkakuji
kinkakuji13.jpg,kinkakuji
kinkakuji11.jpg,kinkakuji
kinkakuji10.jpg,kinkakuji
kinkakuji14.jpg,kinkakuji
the_fifer9.jpg,the_fifer
the_fifer8.jpg,the_fifer
the_fifer14.jpg,the_fifer
the_fifer10.jpg,the_fifer
the_fifer11.jpg,the_fifer
the_fifer13.jpg,the_fifer
the_fifer12.jpg,the_fifer
the_fifer3.jpg,the_fifer
the_fifer2.jpg,the_fifer
the_fifer0.jpg,the_fifer
the_fifer1.jpg,the_fifer
the_fifer5.jpg,the_fifer
the_fifer4.jpg,the_fifer
the_fifer6.jpg,the_fifer
the_fifer7.jpg,the_fifer
Van_Gogh_Sunflower1.jpg,Van_Gogh_Sunflower
Van_Gogh_Sunflower0.jpg,Van_Gogh_Sunflower
Van_Gogh_Sunflower2.jpg,Van_Gogh_Sunflower
Van_Gogh_Sunflower3.jpg,Van_Gogh_Sunflower
Van_Gogh_Sunflower7.jpg,Van_Gogh_Sunflower
Van_Gogh_Sunflower6.jpg,Van_Gogh_Sunflower
Van_Gogh_Sunflower4.jpg,Van_Gogh_Sunflower
Van_Gogh_Sunflower5.jpg,Van_Gogh_Sunflower
Van_Gogh_Sunflower10.jpg,Van_Gogh_Sunflower
Van_Gogh_Sunflower11.jpg,Van_Gogh_Sunflower
Van_Gogh_Sunflower13.jpg,Van_Gogh_Sunflower
Van_Gogh_Sunflower12.jpg,Van_Gogh_Sunflower
Van_Gogh_Sunflower14.jpg,Van_Gogh_Sunflower
Van_Gogh_Sunflower8.jpg,Van_Gogh_Sunflower
Van_Gogh_Sunflower9.jpg,Van_Gogh_Sunflower
atamoto_tanuki_02.jpg,atamoto_tanuki
atamoto_tanuki_03.jpg,atamoto_tanuki
atamoto_tanuki_01.jpg,atamoto_tanuki
atamoto_tanuki_04.jpg,atamoto_tanuki
atamoto_tanuki_05.jpg,atamoto_tanuki
atamoto_tanuki_07.jpg,atamoto_tanuki
atamoto_tanuki_06.jpg,atamoto_tanuki
atamoto_tanuki_08.jpg,atamoto_tanuki
atamoto_tanuki_09.jpg,atamoto_tanuki
kawaiiuso_no_kawauso_06.jpg,kawaiiuso_no_kawauso
kawaiiuso_no_kawauso_07.jpg,kawaiiuso_no_kawauso
kawaiiuso_no_kawauso_05.jpg,kawaiiuso_no_kawauso
kawaiiuso_no_kawauso_04.jpg,kawaiiuso_no_kawauso
kawaiiuso_no_kawauso_01.jpg,kawaiiuso_no_kawauso
kawaiiuso_no_kawauso_03.jpg,kawaiiuso_no_kawauso
kawaiiuso_no_kawauso_02.jpg,kawaiiuso_no_kawauso
kawaiiuso_no_kawauso_09.jpg,kawaiiuso_no_kawauso
kawaiiuso_no_kawauso_08.jpg,kawaiiuso_no_kawauso
napoleon_bonaparte0.jpg,napoleon_bonaparte
napoleon_bonaparte1.jpg,napoleon_bonaparte
napoleon_bonaparte3.jpg,napoleon_bonaparte
napoleon_bonaparte2.jpg,napoleon_bonaparte
napoleon_bonaparte6.jpg,napoleon_bonaparte
napoleon_bonaparte5.jpg,napoleon_bonaparte
napoleon_bonaparte4.jpg,napoleon_bonaparte
napoleon_bonaparte14.jpg,napoleon_bonaparte
napoleon_bonaparte13.jpg,napoleon_bonaparte
napoleon_bonaparte12.jpg,napoleon_bonaparte
napoleon_bonaparte10.jpg,napoleon_bonaparte
napoleon_bonaparte9.jpg,napoleon_bonaparte
napoleon_bonaparte8.jpg,napoleon_bonaparte
tokyo_station9.jpg,tokyo_station
tokyo_station14.jpg,tokyo_station
tokyo_station10.jpg,tokyo_station
tokyo_station11.jpg,tokyo_station
tokyo_station13.jpg,tokyo_station
tokyo_station12.jpg,tokyo_station
tokyo_station4.jpg,tokyo_station
tokyo_station5.jpg,tokyo_station
tokyo_station7.jpg,tokyo_station
tokyo_station6.jpg,tokyo_station
tokyo_station2.jpg,tokyo_station
tokyo_station3.jpg,tokyo_station
tokyo_station1.jpg,tokyo_station
tokyo_station0.jpg,tokyo_station
sensouji_kaminarimon14.jpg,sensouji_kaminarimon
sensouji_kaminarimon8.jpg,sensouji_kaminarimon
sensouji_kaminarimon12.jpg,sensouji_kaminarimon
sensouji_kaminarimon9.jpg,sensouji_kaminarimon
sensouji_kaminarimon11.jpg,sensouji_kaminarimon
sensouji_kaminarimon10.jpg,sensouji_kaminarimon
sensouji_kaminarimon7.jpg,sensouji_kaminarimon
sensouji_kaminarimon6.jpg,sensouji_kaminarimon
sensouji_kaminarimon4.jpg,sensouji_kaminarimon
sensouji_kaminarimon5.jpg,sensouji_kaminarimon
sensouji_kaminarimon1.jpg,sensouji_kaminarimon
sensouji_kaminarimon0.jpg,sensouji_kaminarimon
sensouji_kaminarimon2.jpg,sensouji_kaminarimon
sensouji_kaminarimon3.jpg,sensouji_kaminarimon
haniwa7.jpg,haniwa
haniwa6.jpg,haniwa
haniwa4.jpg,haniwa
haniwa5.jpg,haniwa
haniwa0.jpg,haniwa
haniwa2.jpg,haniwa
haniwa3.jpg,haniwa
haniwa14.jpg,haniwa
haniwa11.jpg,haniwa
haniwa10.jpg,haniwa
haniwa12.jpg,haniwa
haniwa13.jpg,haniwa
haniwa9.jpg,haniwa
horyuji_temple8.jpg,horyuji_temple
horyuji_temple9.jpg,horyuji_temple
horyuji_temple4.jpg,horyuji_temple
horyuji_temple7.jpg,horyuji_temple
horyuji_temple6.jpg,horyuji_temple
horyuji_temple2.jpg,horyuji_temple
horyuji_temple3.jpg,horyuji_temple
horyuji_temple1.jpg,horyuji_temple
horyuji_temple0.jpg,horyuji_temple
horyuji_temple11.jpg,horyuji_temple
horyuji_temple12.jpg,horyuji_temple
horyuji_temple13.jpg,horyuji_temple
horyuji_temple14.jpg,horyuji_temple
monet_water_lily13.jpg,monet_water_lily
monet_water_lily4.jpg,monet_water_lily
monet_water_lily5.jpg,monet_water_lily
monet_water_lily12.jpg,monet_water_lily
monet_water_lily7.jpg,monet_water_lily
monet_water_lily6.jpg,monet_water_lily
monet_water_lily11.jpg,monet_water_lily
monet_water_lily2.jpg,monet_water_lily
monet_water_lily3.jpg,monet_water_lily
monet_water_lily14.jpg,monet_water_lily
monet_water_lily1.jpg,monet_water_lily
monet_water_lily0.jpg,monet_water_lily
monet_water_lily8.jpg,monet_water_lily
monet_water_lily9.jpg,monet_water_lily
guernica9.jpg,guernica
guernica12.jpg,guernica
guernica0.jpg,guernica
guernica1.jpg,guernica
guernica13.jpg,guernica
guernica3.jpg,guernica
guernica2.jpg,guernica
guernica10.jpg,guernica
guernica14.jpg,guernica
guernica6.jpg,guernica
guernica5.jpg,guernica
guernica4.jpg,guernica
darvish_yu12.jpg,darvish_yu
darvish_yu13.jpg,darvish_yu
darvish_yu11.jpg,darvish_yu
darvish_yu10.jpg,darvish_yu
darvish_yu8.jpg,darvish_yu
darvish_yu14.jpg,darvish_yu
darvish_yu9.jpg,darvish_yu
darvish_yu6.jpg,darvish_yu
darvish_yu4.jpg,darvish_yu
darvish_yu5.jpg,darvish_yu
darvish_yu1.jpg,darvish_yu
darvish_yu0.jpg,darvish_yu
darvish_yu2.jpg,darvish_yu
darvish_yu3.jpg,darvish_yu
lion6.jpg,lion
lion7.jpg,lion
lion5.jpg,lion
lion4.jpg,lion
lion0.jpg,lion
lion1.jpg,lion
lion14.jpg,lion
lion13.jpg,lion
lion10.jpg,lion
lion11.jpg,lion
lion9.jpg,lion
lion8.jpg,lion
